Put Your Hands Up (DJ Tonka Radio Edit) - Black & White Brothers,Put Your Hands Up (DJ Tonka Radio Edit),Black & White Brothers,
Universal Wub - LSDREAM & Shlump,Universal Wub,LSDREAM & Shlump,
Organism - LSDREAM & Shlump,Organism,LSDREAM & Shlump,
R.A.V.E - LSDREAM & Shlump,R.A.V.E,LSDREAM & Shlump,
STARCHILD (feat. Sarah Hudson) - LSDREAM & Shlump,STARCHILD (feat. Sarah Hudson),LSDREAM & Shlump,
Back To the Shack - Weezer,Back To the Shack,Weezer,
Upgrade (Original Mix) - Case & Point,Upgrade (Original Mix),Case & Point,
Permutate - Haywyre & Zeros,Permutate,Haywyre & Zeros,
Christmas Time Is Here Charlie Brown - Akira the Don,Christmas Time Is Here Charlie Brown,Akira the Don,
Waiting - Hamzah,Waiting,Hamzah,
The Sound - Aero Chord,The Sound,Aero Chord,
Medusa (feat. Cozi Zuehlsdorff) - Aiobahn,Medusa (feat. Cozi Zuehlsdorff),Aiobahn,
Blue to Blue - CloudNone,Blue to Blue,CloudNone,
Remember You - Conro,Remember You,Conro,
Talk! - Duumu & ÊMIA,Talk!,Duumu & ÊMIA,
Power - Eptic,Power,Eptic,
Carry On (feat. Holly Drummond) - F.O.O.L,Carry On (feat. Holly Drummond),F.O.O.L,
Solace - Feint & Laura Brehm,Solace,Feint & Laura Brehm,
Hot - FWLR,Hot,FWLR,
Blink 182 - Half an Orange,Blink 182,Half an Orange,
Head of Nasa - Infected Mushroom,Head of Nasa,Infected Mushroom,
Fizzy Lifting Drink (feat. Big Gigantic) - Kill Paris & Jimi Tents,Fizzy Lifting Drink (feat. Big Gigantic),Kill Paris & Jimi Tents,
Can We Be Free - Kuuro,Can We Be Free,Kuuro,
Berserker - Mazare & Essenger,Berserker,Mazare & Essenger,
Run - ShockOne & The Bloody Beetroots,Run,ShockOne & The Bloody Beetroots,
Metaphysical - Slippy,Metaphysical,Slippy,
Want Your Love (feat. EMEL) - Stonebank,Want Your Love (feat. EMEL),Stonebank,
"Stronger - TheFatRat, Slaydit & Anjulie",Stronger,"TheFatRat, Slaydit & Anjulie",
Dreamer - Throttle,Dreamer,Throttle,
Play - Tokyo Machine,Play,Tokyo Machine,
"Riptide - Trivecta, Amidy & RØRY",Riptide,"Trivecta, Amidy & RØRY",
Waiting (feat. Daisy Guttridge) - Vicetone,Waiting (feat. Daisy Guttridge),Vicetone,
The Darkness - Xilent,The Darkness,Xilent,
Eden (feat. Danyka Nadeau) - Au5,Eden (feat. Danyka Nadeau),Au5,
Overdose (feat. Philip Strand) - Bossfight,Overdose (feat. Philip Strand),Bossfight,
Internet Boy (feat. Micah Martin) - Dion Timmer,Internet Boy (feat. Micah Martin),Dion Timmer,
One Less Star (feat. Matt Van) - Direct & Killabyte,One Less Star (feat. Matt Van),Direct & Killabyte,
Wishes (feat. McCall) - Grant,Wishes (feat. McCall),Grant,
The One - Habstrakt,The One,Habstrakt,
Monster (feat. Trove) - Julian Calor,Monster (feat. Trove),Julian Calor,
Open Spaces - Just A Gent & Nevve,Open Spaces,Just A Gent & Nevve,
Don't Bring Me Down - Justin Oh,Don't Bring Me Down,Justin Oh,
So Far Away - Nitro Fun,So Far Away,Nitro Fun,
Gunslinga (feat. MC Mota) - Pegboard Nerds,Gunslinga (feat. MC Mota),Pegboard Nerds,
Amnesia - Pixel Terror,Amnesia,Pixel Terror,
Isolation - Protostar & Hayve,Isolation,Protostar & Hayve,
Sawtooth - REAPER,Sawtooth,REAPER,
Blackwater - RIOT,Blackwater,RIOT,
Oceans - Rogue,Oceans,Rogue,
Far Away - Slushii,Far Away,Slushii,
Over the Mountain - Ozzy Osbourne,Over the Mountain,Ozzy Osbourne,
Buttercup - MixAndMash,Buttercup,MixAndMash,
Dissolve - Absofacto,Dissolve,Absofacto,
Seal My Fate - Belly,Seal My Fate,Belly,
For the Damaged Coda (Extra Track) - Blonde Redhead,For the Damaged Coda (Extra Track),Blonde Redhead,
Stuttering Light - Chad VanGaalen,Stuttering Light,Chad VanGaalen,
Do You Feel It? - Chaos Chaos,Do You Feel It?,Chaos Chaos,
Memories - Chaos Chaos,Memories,Chaos Chaos,
Terryfold (feat. Justin Roiland) - Chaos Chaos,Terryfold (feat. Justin Roiland),Chaos Chaos,
Stab Him in the Throat - clipping.,Stab Him in the Throat,clipping.,
Look On Down from the Bridge - Mazzy Star,Look On Down from the Bridge,Mazzy Star,
Rick and Morty Theme - Rick and Morty & Ryan Elder,Rick and Morty Theme,Rick and Morty & Ryan Elder,
Jerry's Rick - Rick and Morty & Ryan Elder,Jerry's Rick,Rick and Morty & Ryan Elder,
African Dream Pop - Rick and Morty & Ryan Elder,African Dream Pop,Rick and Morty & Ryan Elder,
Unity Says Goodbye - Rick and Morty & Ryan Elder,Unity Says Goodbye,Rick and Morty & Ryan Elder,
Tales from the Citadel - Rick and Morty & Ryan Elder,Tales from the Citadel,Rick and Morty & Ryan Elder,
Rick and Morty Score Medley - Rick and Morty & Ryan Elder,Rick and Morty Score Medley,Rick and Morty & Ryan Elder,
Human Music - Rick and Morty & Ryan Elder,Human Music,Rick and Morty & Ryan Elder,
"The Flu Hatin' Rap - Rick and Morty, Ryan Elder & Dan Harmon",The Flu Hatin' Rap,"Rick and Morty, Ryan Elder & Dan Harmon",
"Alien Jazz Rap - Rick and Morty, Ryan Elder & Dan Harmon",Alien Jazz Rap,"Rick and Morty, Ryan Elder & Dan Harmon",
"Goodbye Moonmen - Rick and Morty, Ryan Elder & Jemaine Clement",Goodbye Moonmen,"Rick and Morty, Ryan Elder & Jemaine Clement",
"Get Schwifty (C-131) - Rick and Morty, Ryan Elder & Justin Roiland",Get Schwifty (C-131),"Rick and Morty, Ryan Elder & Justin Roiland",
"Raised Up (C-131) - Rick and Morty, Ryan Elder & Justin Roiland",Raised Up (C-131),"Rick and Morty, Ryan Elder & Justin Roiland",
"Help Me I'm Gonna Die - Rick and Morty, Ryan Elder & Justin Roiland",Help Me I'm Gonna Die,"Rick and Morty, Ryan Elder & Justin Roiland",
"Let Me Out - Rick and Morty, Ryan Elder & Justin Roiland",Let Me Out,"Rick and Morty, Ryan Elder & Justin Roiland",
"The Small Intestine Song - Rick and Morty, Ryan Elder, Dan Harmon & Justin Roiland",The Small Intestine Song,"Rick and Morty, Ryan Elder, Dan Harmon & Justin Roiland",
"Fathers and Daughters - Rick and Morty, Ryan Elder, Dan Harmon, Asya Saavedra & Chloe Saavedra",Fathers and Daughters,"Rick and Morty, Ryan Elder, Dan Harmon, Asya Saavedra & Chloe Saavedra",
"The Rick Dance - Rick and Morty, Ryan Elder, Justin Roiland & Lauren Hillman",The Rick Dance,"Rick and Morty, Ryan Elder, Justin Roiland & Lauren Hillman",
"Summer and Tinkles - Rick and Morty, Ryan Elder, Tara Strong & Jevin Smith",Summer and Tinkles,"Rick and Morty, Ryan Elder, Tara Strong & Jevin Smith",
Movement - Oliver Tree,Movement,Oliver Tree,
Human - ASHE,Human,ASHE,
1348 - Bentley Dean,1348,Bentley Dean,
Wanted - C.H.A.Y. & Monstergetdown,Wanted,C.H.A.Y. & Monstergetdown,
I Am Control - Corvad,I Am Control,Corvad,
ASEED - deadmau5,ASEED,deadmau5,
Luna Brave - Donny Carr,Luna Brave,Donny Carr,
Magmagat - Egomorph,Magmagat,Egomorph,
Kuta - FLIP-FLOP,Kuta,FLIP-FLOP,
Embers - Floret Loret,Embers,Floret Loret,
Release the Pressure - Ghost Dance,Release the Pressure,Ghost Dance,
Let Me Go - HVDES,Let Me Go,HVDES,
Overwerk - IMANU & Buunshin,Overwerk,IMANU & Buunshin,
Plastic Wrap (Jay Robinson Remix) - Joy Downer,Plastic Wrap (Jay Robinson Remix),Joy Downer,
London1790 - KEETZ,London1790,KEETZ,
Subconscious - Kindrid,Subconscious,Kindrid,
Afters - Low Poly,Afters,Low Poly,
Shibuya - Maison Ware,Shibuya,Maison Ware,
Space Between (feat. Deniz Reno) [Julian Gray Remix] - Matt Lange,Space Between (feat. Deniz Reno) [Julian Gray Remix],Matt Lange,
Lotus - Mr. Bill & Bandoum,Lotus,Mr. Bill & Bandoum,
Come To Me - One True God,Come To Me,One True God,
Airwolf Six - Posij,Airwolf Six,Posij,
Shoyu - Speaker Honey,Shoyu,Speaker Honey,
Facing Reality - SVNF8,Facing Reality,SVNF8,
Baby I'm Back IV - Pluffaduff,Baby I'm Back IV,Pluffaduff,
Sleigh Bells (PhatCap Remix) - Ronettes,Sleigh Bells (PhatCap Remix),Ronettes,
Here Comes Santa Claus (Trap Remix) - ,Here Comes Santa Claus (Trap Remix),,
California Kids - Weezer,California Kids,Weezer,
Sleep (feat. Andrea Martin) [No Mana Extended Remix] - Michael Woods,Sleep (feat. Andrea Martin) [No Mana Extended Remix],Michael Woods,
Cash Machine - Oliver Tree,Cash Machine,Oliver Tree,
New Light - John Mayer,New Light,John Mayer,
Hell on Earth - Rezz & Yultron,Hell on Earth,Rezz & Yultron,
Flight - Tristam & Braken,Flight,Tristam & Braken,
FALL - deadmau5,FALL,deadmau5,
Shibuya Boy - Frank Ocean,Shibuya Boy,Frank Ocean,
Japan - Throttle,Japan,Throttle,
Kill Process - i_o,Kill Process,i_o,
Rave 444 - i_o,Rave 444,i_o,
Replicate - i_o,Replicate,i_o,
System Error - i_o,System Error,i_o,
Coasted - deadmau5,Coasted,deadmau5,
COASTED (Radio Edit) - deadmau5,COASTED (Radio Edit),deadmau5,
SATRN - deadmau5,SATRN,deadmau5,
SATRN (Radio Edit) - deadmau5,SATRN (Radio Edit),deadmau5,
Her - Artesia.,Her,Artesia.,
Front (Mixed) - Callie Reiff,Front (Mixed),Callie Reiff,
See Through (Mixed) - Callie Reiff,See Through (Mixed),Callie Reiff,
Polyphobia (Mixed) - deadmau5,Polyphobia (Mixed),deadmau5,
Ghosts 'n' Stuff (feat. Rob Swire) [Mixed] - deadmau5,Ghosts 'n' Stuff (feat. Rob Swire) [Mixed],deadmau5,
Let Go (feat. Grabbitz) [Grabbitz Edit] [Mixed] - deadmau5,Let Go (feat. Grabbitz) [Grabbitz Edit] [Mixed],deadmau5,
Are You Not Afraid (Mixed) - deadmau5 & Shotty Horroh,Are You Not Afraid (Mixed),deadmau5 & Shotty Horroh,
Made for You (Alone Again) [Mixed] - Getter,Made for You (Alone Again) [Mixed],Getter,
"All Is Lost (feat. nothing,nowhere.) [Mixed] - Getter","All Is Lost (feat. nothing,nowhere.) [Mixed]",Getter,
Purgatory (Mixed) - Getter,Purgatory (Mixed),Getter,
Possession (Mixed) - i_o,Possession (Mixed),i_o,
Death by Techno (Mixed) - i_o,Death by Techno (Mixed),i_o,
Ghost in the Machine (Mixed) - i_o,Ghost in the Machine (Mixed),i_o,
House of God (Mixed) - i_o,House of God (Mixed),i_o,
Criminals - Rezz & Malaa,Criminals,Rezz & Malaa,
Panini - Lil Nas X,Panini,Lil Nas X,
The Shell Shack - Billy Cobb,The Shell Shack,Billy Cobb,
She Doesn't Love Me - Billy Cobb,She Doesn't Love Me,Billy Cobb,
1955 - Billy Cobb,1955,Billy Cobb,
Dumb Song for Virgins to Cry To - Billy Cobb,Dumb Song for Virgins to Cry To,Billy Cobb,
God Told Me To - Jeremy Greenspan & Borys,God Told Me To,Jeremy Greenspan & Borys,
3 Nights - Dominic Fike,3 Nights,Dominic Fike,
Bring the Madness (Noisestorm Remix) [feat. Mayor Apeshit] - Excision & Pegboard Nerds,Bring the Madness (Noisestorm Remix) [feat. Mayor Apeshit],Excision & Pegboard Nerds,
Handcuffs - The Front Bottoms,Handcuffs,The Front Bottoms,
Wolfman - The Front Bottoms,Wolfman,The Front Bottoms,
Rude Boy - Zeds Dead,Rude Boy,Zeds Dead,
Ain't No Rest for the Wicked - Cage the Elephant,Ain't No Rest for the Wicked,Cage the Elephant,
Salvation - The Strumbellas,Salvation,The Strumbellas,
BOOM - X Ambassadors,BOOM,X Ambassadors,
Loudness & Clarity - Joakim Karud,Loudness & Clarity,Joakim Karud,
Ready to Let Go - Cage the Elephant,Ready to Let Go,Cage the Elephant,
Kickback (feat. Scotty Sire & Heath Hussar) - Myles Parrish,Kickback (feat. Scotty Sire & Heath Hussar),Myles Parrish,
"Please, Punish Me - Tyler Dakin","Please, Punish Me",Tyler Dakin,
"Please, Punish Me (Instrumental) - Tyler Dakin","Please, Punish Me (Instrumental)",Tyler Dakin,
Noticed - Lil Mosey,Noticed,Lil Mosey,
OBLIVION - LSDREAM,OBLIVION,LSDREAM,
TEN OF PENTACLES - LSDREAM,TEN OF PENTACLES,LSDREAM,
PSYCHEDELIC (feat. Taylr Renee) - LSDREAM,PSYCHEDELIC (feat. Taylr Renee),LSDREAM,
TECHNIUM - LSDREAM,TECHNIUM,LSDREAM,
THE SEVENTH RAY (INTERLUDE) - LSDREAM,THE SEVENTH RAY (INTERLUDE),LSDREAM,
AWAKE.EXE - LSDREAM,AWAKE.EXE,LSDREAM,
ACTIVATE - LSDREAM,ACTIVATE,LSDREAM,
TIFERET - LSDREAM,TIFERET,LSDREAM,
PILLARS OF LIGHT - LSDREAM & HOWWLER,PILLARS OF LIGHT,LSDREAM & HOWWLER,
Expand the Universe (feat. Gravitrax) - LSDREAM,Expand the Universe (feat. Gravitrax),LSDREAM,
Rekt (feat. Kayoh) - LSDREAM,Rekt (feat. Kayoh),LSDREAM,
Reflection (feat. KTRL) - LSDREAM,Reflection (feat. KTRL),LSDREAM,
Shadow Self - LSDREAM,Shadow Self,LSDREAM,
WHITE MAGIC (feat. Leah Culver) - LSDREAM,WHITE MAGIC (feat. Leah Culver),LSDREAM,
Eternal Now (feat. Champagne Drip) - LSDREAM,Eternal Now (feat. Champagne Drip),LSDREAM,
OM NAMO (feat. Sarah Hudson) - LSDREAM,OM NAMO (feat. Sarah Hudson),LSDREAM,
Ace of Cups - LSDREAM,Ace of Cups,LSDREAM,
Hello Human (feat. Com3t) - LSDREAM,Hello Human (feat. Com3t),LSDREAM,
Phoenix (feat. Varien) - LSDREAM,Phoenix (feat. Varien),LSDREAM,
Drake’s Dad - Arkells,Drake’s Dad,Arkells,
Knocking At the Door - Arkells,Knocking At the Door,Arkells,
Private School - Arkells,Private School,Arkells,
My Heart’s Always Yours - Arkells,My Heart’s Always Yours,Arkells,
Savannah - Arkells,Savannah,Arkells,
Passenger Seat - Arkells,Passenger Seat,Arkells,
Making Due - Arkells,Making Due,Arkells,
Round and Round - Arkells,Round and Round,Arkells,
Hung Up - Arkells,Hung Up,Arkells,
Come Back Home - Arkells,Come Back Home,Arkells,
A Little Rain (A Song For Pete) - Arkells,A Little Rain (A Song For Pete),Arkells,
And Then Some - Arkells,And Then Some,Arkells,
Hangs the Moon - Arkells,Hangs the Moon,Arkells,
My Heart’s Always Yours (Acoustic) - Arkells,My Heart’s Always Yours (Acoustic),Arkells,
And Then Some (Acoustic) - Arkells,And Then Some (Acoustic),Arkells,
Knocking At the Door (Acoustic) - Arkells,Knocking At the Door (Acoustic),Arkells,
Fake Money - Arkells,Fake Money,Arkells,
Come to Light - Arkells,Come to Light,Arkells,
Cynical Bastards - Arkells,Cynical Bastards,Arkells,
0.465972222222222 - Arkells,11:11,Arkells,
Never Thought That This Would Happen - Arkells,Never Thought That This Would Happen,Arkells,
Dirty Blonde - Arkells,Dirty Blonde,Arkells,
What Are You Holding on To? - Arkells,What Are You Holding on To?,Arkells,
Hey Kids! - Arkells,Hey Kids!,Arkells,
Leather Jacket - Arkells,Leather Jacket,Arkells,
Crawling Through the Window - Arkells,Crawling Through the Window,Arkells,
Systematic - Arkells,Systematic,Arkells,
11: 11 (Acoustic) - Arkells,11: 11 (Acoustic),Arkells,
What Are You Holdin on To? (Acoustic) - Arkells,What Are You Holdin on To? (Acoustic),Arkells,
Take What You Want (feat. Ozzy Osbourne & Travis Scott) (Lookas Remix) - Post Malone,Take What You Want (feat. Ozzy Osbourne & Travis Scott) (Lookas Remix),Post Malone,
Chillin in my House - lofi,Chillin in my House,lofi,
Coffee and Cake - lofi,Coffee and Cake,lofi,
Song for Lazy bone - lofi,Song for Lazy bone,lofi,
Smoking After Lunch - lofi,Smoking After Lunch,lofi,
Sunset - lofi,Sunset,lofi,
Don't Let Go - Weezer,Don't Let Go,Weezer,
Photograph - Weezer,Photograph,Weezer,
Crab - Weezer,Crab,Weezer,
Knock-Down Drag-Out - Weezer,Knock-Down Drag-Out,Weezer,
Smile - Weezer,Smile,Weezer,
Simple Pages - Weezer,Simple Pages,Weezer,
Glorious Day - Weezer,Glorious Day,Weezer,
O Girlfriend - Weezer,O Girlfriend,Weezer,
Power - Eptic,Power,Eptic,
Violence - Eptic,Violence,Eptic,
Beyond the Stars - Eptic,Beyond the Stars,Eptic,
Undefeated - Eptic,Undefeated,Eptic,
Let It Go - Eptic & Dillon Francis,Let It Go,Eptic & Dillon Francis,
Purgatory - 13,Purgatory,13,
Oath - 13,Oath,13,
"Kid Cudi (feat. Lil Uzi Vert, Young Nudy & A$AP Rocky) - Playboi Carti","Kid Cudi (feat. Lil Uzi Vert, Young Nudy & A$AP Rocky)",Playboi Carti,
Shop - Toby Fox,Shop,Toby Fox,
Life & Death - Stonebank,Life & Death,Stonebank,
Sunscreen - Half an Orange,Sunscreen,Half an Orange,
Decoy World VIP (feat. Park Avenue) - Intercom,Decoy World VIP (feat. Park Avenue),Intercom,
Tribe 303 - Aero Chord,Tribe 303,Aero Chord,
The Sound - Aero Chord,The Sound,Aero Chord,
Take Me Home (feat. Nevve) - Aero Chord,Take Me Home (feat. Nevve),Aero Chord,
Burning (feat. Bianca) - Aero Chord,Burning (feat. Bianca),Aero Chord,
Tsukiakari Ame (Deep Mix) - Vintage & Morelli,Tsukiakari Ame (Deep Mix),Vintage & Morelli,
The End of the Game - Weezer,The End of the Game,Weezer,
"Congratulations - PewDiePie, Roomie & Boyinaband",Congratulations,"PewDiePie, Roomie & Boyinaband",
Hollywood's Bleeding - Post Malone,Hollywood's Bleeding,Post Malone,
Saint-Tropez - Post Malone,Saint-Tropez,Post Malone,
Enemies (feat. DaBaby) - Post Malone,Enemies (feat. DaBaby),Post Malone,
Allergic - Post Malone,Allergic,Post Malone,
A Thousand Bad Times - Post Malone,A Thousand Bad Times,Post Malone,
Circles - Post Malone,Circles,Post Malone,
Die For Me (feat. Future & Halsey) - Post Malone,Die For Me (feat. Future & Halsey),Post Malone,
On the Road (feat. Meek Mill & Lil Baby) - Post Malone,On the Road (feat. Meek Mill & Lil Baby),Post Malone,
Take What You Want (feat. Ozzy Osbourne & Travis Scott) - Post Malone,Take What You Want (feat. Ozzy Osbourne & Travis Scott),Post Malone,
I'm Gonna Be - Post Malone,I'm Gonna Be,Post Malone,
Staring at the Sun (feat. SZA) - Post Malone,Staring at the Sun (feat. SZA),Post Malone,
Internet - Post Malone,Internet,Post Malone,
Goodbyes (feat. Young Thug) - Post Malone,Goodbyes (feat. Young Thug),Post Malone,
Myself - Post Malone,Myself,Post Malone,
I Know - Post Malone,I Know,Post Malone,
Wow. - Post Malone,Wow.,Post Malone,
Sunflower (Spider-Man: Into the Spider-Verse) - Post Malone & Swae Lee,Sunflower (Spider-Man: Into the Spider-Verse),Post Malone & Swae Lee,
Blind - Mark Reihill,Blind,Mark Reihill,
We Are Wired - Kubbi,We Are Wired,Kubbi,
All I Got - Oliver Tree,All I Got,Oliver Tree,
All That - Oliver Tree,All That,Oliver Tree,
Welcome to LA - Oliver Tree,Welcome to LA,Oliver Tree,
Upside Down - Oliver Tree,Upside Down,Oliver Tree,
Enemy - Oliver Tree & Whethan,Enemy,Oliver Tree & Whethan,
Dicko Mode (feat. Kusorare) - DJ Splash Drip,Dicko Mode (feat. Kusorare),DJ Splash Drip,
American Screams - Arkells,American Screams,Arkells,
Show Me Don't Tell Me - Arkells,Show Me Don't Tell Me,Arkells,
Eyes on the Prize - Arkells,Eyes on the Prize,Arkells,
Saturday Night - Arkells,Saturday Night,Arkells,
Company Man - Arkells,Company Man,Arkells,
Relentless - Arkells,Relentless,Arkells,
Only for a Moment - Arkells,Only for a Moment,Arkells,
People's Champ - Arkells,People's Champ,Arkells,
Hand Me Downs - Arkells,Hand Me Downs,Arkells,
Island In the Sun - Weezer,Island In the Sun,Weezer,
Hash Pipe - Weezer,Hash Pipe,Weezer,
"It's Been a Long, Long Time - Harry James and His Orchestra","It's Been a Long, Long Time",Harry James and His Orchestra,
Color (feat. Juneau) - Grant,Color (feat. Juneau),Grant,
Wishes (feat. McCall) - Grant,Wishes (feat. McCall),Grant,
Where Will We Go - Grant,Where Will We Go,Grant,
Contagious - Grant & RUNN,Contagious,Grant & RUNN,
Sports - Beach Bunny,Sports,Beach Bunny,
Never Let Me Down - Darren Styles;David Spekter,Never Let Me Down,Darren Styles;David Spekter,
Gunslinga - Pegboard Nerds;MC Mota,Gunslinga,Pegboard Nerds;MC Mota,
Humanity - Max Brhon,Humanity,Max Brhon,
Let It Go - Eptic & Dillon Francis,Let It Go,Eptic & Dillon Francis,
Take Me Home (feat. Nevve) - Aero Chord,Take Me Home (feat. Nevve),Aero Chord,
No Sleep - Bossfight,No Sleep,Bossfight,
Overdose (feat. Philip Strand) - Bossfight,Overdose (feat. Philip Strand),Bossfight,
Never Let Me Down (feat. David Spekter) - Darren Styles,Never Let Me Down (feat. David Spekter),Darren Styles,
Quake - Dirty Audio & Slippy,Quake,Dirty Audio & Slippy,
Carry On (feat. Holly Drummond) - F.O.O.L,Carry On (feat. Holly Drummond),F.O.O.L,
Neon - F.O.O.L & Midranger,Neon,F.O.O.L & Midranger,
Solace - Feint & Laura Brehm,Solace,Feint & Laura Brehm,
Hot - FWLR,Hot,FWLR,
Crank up the Dank - Gammer & Stonebank,Crank up the Dank,Gammer & Stonebank,
Infinite - Habstrakt,Infinite,Habstrakt,
Lasagne - Habstrakt & Bellecour,Lasagne,Habstrakt & Bellecour,
Adventures - Julian Calor,Adventures,Julian Calor,
Monster (feat. Trove) - Julian Calor,Monster (feat. Trove),Julian Calor,
Venus Fly Trap - Kill Paris,Venus Fly Trap,Kill Paris,
Bad Habits (feat. Tylor Maurer) - Kuuro,Bad Habits (feat. Tylor Maurer),Kuuro,
Trigger - Kuuro,Trigger,Kuuro,
Uncaged Vol. 7 Album Mix - Monstercat,Uncaged Vol. 7 Album Mix,Monstercat,
Poison - Nonsens,Poison,Nonsens,
Each Other (feat. Eric Lumiere) - Notaker,Each Other (feat. Eric Lumiere),Notaker,
Melophonic - Notaker,Melophonic,Notaker,
Gunslinga (feat. MC Mota) - Pegboard Nerds,Gunslinga (feat. MC Mota),Pegboard Nerds,
Amnesia - Pixel Terror,Amnesia,Pixel Terror,
Soda (feat. Itsreallyelijah) - Pixel Terror,Soda (feat. Itsreallyelijah),Pixel Terror,
Maxima - Pixel Terror,Maxima,Pixel Terror,
Dystopia - Pixel Terror & JayKode,Dystopia,Pixel Terror & JayKode,
Barbed Wire - Rogue,Barbed Wire,Rogue,
Run - ShockOne & The Bloody Beetroots,Run,ShockOne & The Bloody Beetroots,
Own Me - Slippy,Own Me,Slippy,
Us - Snavs,Us,Snavs,
Drop Bombs - Stonebank,Drop Bombs,Stonebank,
"Stronger - TheFatRat, Slaydit & Anjulie",Stronger,"TheFatRat, Slaydit & Anjulie",
Play - Tokyo Machine,Play,Tokyo Machine,
Saikou - Tokyo Machine,Saikou,Tokyo Machine,
I Can't - Tony Romera,I Can't,Tony Romera,
The Darkness - Xilent,The Darkness,Xilent,
Discarded - Xilent,Discarded,Xilent,
Back to Me - Pegboard Nerds,Back to Me,Pegboard Nerds,
Til Dawn - ShockOne,Til Dawn,ShockOne,
Metaphysical - Slippy,Metaphysical,Slippy,
You Rise - Xilent,You Rise,Xilent,
Possession - i_o,Possession,i_o,
House of God - i_o,House of God,i_o,
Ghost in the Machine - i_o,Ghost in the Machine,i_o,
Come with Me - i_o & Raito,Come with Me,i_o & Raito,
Boyfriend - Ariana Grande & Social House,Boyfriend,Ariana Grande & Social House,
Introspective - Oliver Tree,Introspective,Oliver Tree,
Miracle Man - Oliver Tree,Miracle Man,Oliver Tree,
Alien Boy - Oliver Tree,Alien Boy,Oliver Tree,
All Bets Are Off - Oliver Tree,All Bets Are Off,Oliver Tree,
Do You Feel Me? - Oliver Tree & Whethan,Do You Feel Me?,Oliver Tree & Whethan,
Don't Be a Stranger - Arkells,Don't Be a Stranger,Arkells,
Pork and Beans - Weezer,Pork and Beans,Weezer,
Lonely (feat. The Rigs) - Rezz,Lonely (feat. The Rigs),Rezz,
Stress - Rezz & EDDIE,Stress,Rezz & EDDIE,
Your Soul Will Never Be Released - Rezz & Sayer,Your Soul Will Never Be Released,Rezz & Sayer,
Troublemaker - Weezer,Troublemaker,Weezer,
Big Iron - Marty Robbins,Big Iron,Marty Robbins,
You Don't Mess Around With Jim - Jim Croce,You Don't Mess Around With Jim,Jim Croce,
Twist and Shout - The Beatles,Twist and Shout,The Beatles,
Hurt - Oliver Tree,Hurt,Oliver Tree,
When I'm Down - Whethan & Oliver Tree,When I'm Down,Whethan & Oliver Tree,
Alien Boy - Oliver Tree,Alien Boy,Oliver Tree,
Far Away - Tristam & Braken,Far Away,Tristam & Braken,
Way Down (feat. KARRA) - Au5 & Amidy,Way Down (feat. KARRA),Au5 & Amidy,
Sanctuary - Bad Computer,Sanctuary,Bad Computer,
Let's Roll - Ephixa & Going Quantum,Let's Roll,Ephixa & Going Quantum,
Kababies - Infected Mushroom,Kababies,Infected Mushroom,
Feel Alright - Justin Oh & Rogue,Feel Alright,Justin Oh & Rogue,
Moshi - Pegboard Nerds & Tokyo Machine,Moshi,Pegboard Nerds & Tokyo Machine,
Problems - Stephen Walking & Ephixa,Problems,Stephen Walking & Ephixa,
"Back to You - WRLD, Keepsake & Laszlo",Back to You,"WRLD, Keepsake & Laszlo",
Kiss of Death - Rezz & Deathpact,Kiss of Death,Rezz & Deathpact,
eternity - Homage,eternity,Homage,
"Back to You - WRLD, Keepsake & Laszlo",Back to You,"WRLD, Keepsake & Laszlo",
Walk Man - Tiny Meat Gang,Walk Man,Tiny Meat Gang,
100 Bad Days - AJR,100 Bad Days,AJR,
Lockjaw (feat. Kodak Black) - French Montana,Lockjaw (feat. Kodak Black),French Montana,
"Stronger - TheFatRat, Slaydit & Anjulie",Stronger,"TheFatRat, Slaydit & Anjulie",
Feels Like Summer - Weezer,Feels Like Summer,Weezer,
Undone - The Sweater Song - Weezer,Undone - The Sweater Song,Weezer,
Surf Wax America - Weezer,Surf Wax America,Weezer,
Little Lion Man - Mumford & Sons,Little Lion Man,Mumford & Sons,
Memories - Weezer,Memories,Weezer,
on Drugs - Weezer,on Drugs,Weezer,
Kandi - Oolacile,Kandi,Oolacile,
"Brain, Brain, Go Away - Unlike Pluto","Brain, Brain, Go Away",Unlike Pluto,
Para o mar (feat. Knowsum) - Wun Two,Para o mar (feat. Knowsum),Wun Two,
Curcuma - Wun Two,Curcuma,Wun Two,
Blue Dolphin (feat. Anthony Drawn) - Wun Two,Blue Dolphin (feat. Anthony Drawn),Wun Two,
Vìo - Wun Two,Vìo,Wun Two,
Falling - Rezz & Underoath,Falling,Rezz & Underoath,
Chinese New Year - SALES,Chinese New Year,SALES,
Fourth Impact - Rezz & K?D,Fourth Impact,Rezz & K?D,
I - Rezz,I,Rezz,
In the Beginning - Zeds Dead,In the Beginning,Zeds Dead,
Delusion - 13,Delusion,13,
Pressure - RL Grime,Pressure,RL Grime,
No Sleep (feat. Bonn) - Martin Garrix,No Sleep (feat. Bonn),Martin Garrix,
Intro - Tiny Meat Gang,Intro,Tiny Meat Gang,
No Flex - Tiny Meat Gang,No Flex,Tiny Meat Gang,
BYOB (Be Your Own Boss) - Tiny Meat Gang,BYOB (Be Your Own Boss),Tiny Meat Gang,
Drip (feat. Spock) - Tiny Meat Gang,Drip (feat. Spock),Tiny Meat Gang,
Please Be a Hit - Tiny Meat Gang,Please Be a Hit,Tiny Meat Gang,
G-S**t (feat. Spock) - Tiny Meat Gang,G-S**t (feat. Spock),Tiny Meat Gang,
Juice (feat. Spock) - Tiny Meat Gang,Juice (feat. Spock),Tiny Meat Gang,
Stay Safe (feat. Spock) - Tiny Meat Gang,Stay Safe (feat. Spock),Tiny Meat Gang,
Ultima - Pixel Terror,Ultima,Pixel Terror,
Confessions (feat. Cozi Zuehlsdorff) - MYRNE,Confessions (feat. Cozi Zuehlsdorff),MYRNE,
Sweet (feat. Mister Blonde) - Unlike Pluto,Sweet (feat. Mister Blonde),Unlike Pluto,
Motivation (feat. Kris Kiss) - Aiobahn & RudeLies,Motivation (feat. Kris Kiss),Aiobahn & RudeLies,
Eden (feat. Danyka Nadeau) - Au5,Eden (feat. Danyka Nadeau),Au5,
Blind Spots - BISHU,Blind Spots,BISHU,
Control - BISHU & Anjulie,Control,BISHU & Anjulie,
Wherever You Go - Braken,Wherever You Go,Braken,
Blue to Blue - CloudNone,Blue to Blue,CloudNone,
Out There - CloudNone & Elle Vee,Out There,CloudNone & Elle Vee,
Juliet - CloudNone & Matt Van,Juliet,CloudNone & Matt Van,
Remember You - Conro,Remember You,Conro,
Foreign Land - DESERT STAR,Foreign Land,DESERT STAR,
Internet Boy (feat. Micah Martin) - Dion Timmer,Internet Boy (feat. Micah Martin),Dion Timmer,
One Less Star (feat. Matt Van) - Direct & Killabyte,One Less Star (feat. Matt Van),Direct & Killabyte,
Like That (feat. Joshua Smith) - Disero,Like That (feat. Joshua Smith),Disero,
About Us (feat. Winter) - Disero & FTKS,About Us (feat. Winter),Disero & FTKS,
Wash Away (feat. Danyka Nadeau) - Duumu,Wash Away (feat. Danyka Nadeau),Duumu,
You Say - Duumu & Pauline Herr,You Say,Duumu & Pauline Herr,
Drifters (feat. Elizaveta) - Feint,Drifters (feat. Elizaveta),Feint,
Color (feat. Juneau) - Grant,Color (feat. Juneau),Grant,
Wishes (feat. McCall) - Grant,Wishes (feat. McCall),Grant,
Given Up - Half an Orange,Given Up,Half an Orange,
End of the Moon - Half an Orange,End of the Moon,Half an Orange,
Lost in Space - Infected Mushroom,Lost in Space,Infected Mushroom,
Rendezvous - Laszlo,Rendezvous,Laszlo,
Hank's Happy Place - Lil Hank,Hank's Happy Place,Lil Hank,
Nothing More - Mazare & Luma,Nothing More,Mazare & Luma,
Where Do We Go - Mazare & RUNN,Where Do We Go,Mazare & RUNN,
Poor Surgeon - Midoca,Poor Surgeon,Midoca,
"Instinct, Vol. 3 (Album Mix) - Monstercat","Instinct, Vol. 3 (Album Mix)",Monstercat,
Enough - Mr FijiWiji & Matt Van,Enough,Mr FijiWiji & Matt Van,
In Touch (feat. Veela) - Murdock,In Touch (feat. Veela),Murdock,
Heroes (feat. Tobias Stenkjær) - Nonsens,Heroes (feat. Tobias Stenkjær),Nonsens,
Feel Your Heart (feat. Sam Tabor) - Protostar,Feel Your Heart (feat. Sam Tabor),Protostar,
Oceans - Rogue,Oceans,Rogue,
Voyage - Rootkit,Voyage,Rootkit,
Hide and Seek (feat. Claire Ridgely) - SLUMBERJACK,Hide and Seek (feat. Claire Ridgely),SLUMBERJACK,
Closure - SLUMBERJACK & Ekali,Closure,SLUMBERJACK & Ekali,
Dreaming of You - Slushii,Dreaming of You,Slushii,
Tornado (feat. Monika Santucci) - Trivecta,Tornado (feat. Monika Santucci),Trivecta,
Fences (feat. Matt Wertz) - Vicetone,Fences (feat. Matt Wertz),Vicetone,
Home - Vicetone,Home,Vicetone,
Without Chu (feat. Emsi) - 7 Minutes Dead,Without Chu (feat. Emsi),7 Minutes Dead,
It Said - Jace Mek,It Said,Jace Mek,
Lucifer - Rezz,Lucifer,Rezz,
Dark Age - Rezz,Dark Age,Rezz,
Sh-Boom (Life Could Be a Dream) - The Chords,Sh-Boom (Life Could Be a Dream),The Chords,
The Darkness - Xilent,The Darkness,Xilent,
Paradigm (feat. Karra) - Bad Computer,Paradigm (feat. Karra),Bad Computer,
Carry On (feat. Holly Drummond) - F.O.O.L,Carry On (feat. Holly Drummond),F.O.O.L,
Underground Raver - F.O.O.L,Underground Raver,F.O.O.L,
Breaking Boundaries - F.O.O.L,Breaking Boundaries,F.O.O.L,
Time Spender - F.O.O.L,Time Spender,F.O.O.L,
Neon - F.O.O.L & Midranger,Neon,F.O.O.L & Midranger,
Buzz Lightyear (Wrld Remix) - Half an Orange,Buzz Lightyear (Wrld Remix),Half an Orange,
Amnesia - Pixel Terror,Amnesia,Pixel Terror,
Eden (feat. Danyka Nadeau) - Au5,Eden (feat. Danyka Nadeau),Au5,
Motivation (feat. Kris Kiss) - Aiobahn & RudeLies,Motivation (feat. Kris Kiss),Aiobahn & RudeLies,
"It's Been a Long, Long Time (Original) - Harry James and His Orchestra","It's Been a Long, Long Time (Original)",Harry James and His Orchestra,
Lemurian Star - Henry Jackman,Lemurian Star,Henry Jackman,
Project Insight - Henry Jackman,Project Insight,Henry Jackman,
The Smithsonian - Henry Jackman,The Smithsonian,Henry Jackman,
An Old Friend - Henry Jackman,An Old Friend,Henry Jackman,
Fury - Henry Jackman,Fury,Henry Jackman,
The Winter Soldier - Henry Jackman,The Winter Soldier,Henry Jackman,
Fallen - Henry Jackman,Fallen,Henry Jackman,
Alexander Pierce - Henry Jackman,Alexander Pierce,Henry Jackman,
Taking a Stand - Henry Jackman,Taking a Stand,Henry Jackman,
Frozen in Time - Henry Jackman,Frozen in Time,Henry Jackman,
Hydra - Henry Jackman,Hydra,Henry Jackman,
Natasha - Henry Jackman,Natasha,Henry Jackman,
The Causeway - Henry Jackman,The Causeway,Henry Jackman,
Time to Suit Up - Henry Jackman,Time to Suit Up,Henry Jackman,
Into the Fray - Henry Jackman,Into the Fray,Henry Jackman,
Countdown - Henry Jackman,Countdown,Henry Jackman,
End of the Line - Henry Jackman,End of the Line,Henry Jackman,
Captain America - Henry Jackman,Captain America,Henry Jackman,
Trouble Man - Marvin Gaye,Trouble Man,Marvin Gaye,
The Avengers - Alan Silvestri,The Avengers,Alan Silvestri,
Travel Delays (Extended) - Alan Silvestri,Travel Delays (Extended),Alan Silvestri,
Undying Fidelity - Alan Silvestri,Undying Fidelity,Alan Silvestri,
No More Surprises - Alan Silvestri,No More Surprises,Alan Silvestri,
He Won't Come Out (Extended) - Alan Silvestri,He Won't Come Out (Extended),Alan Silvestri,
Field Trip - Alan Silvestri,Field Trip,Alan Silvestri,
Wake Him Up - Alan Silvestri,Wake Him Up,Alan Silvestri,
We Both Made Promises (Extended) - Alan Silvestri,We Both Made Promises (Extended),Alan Silvestri,
Help Arrives (Extended) - Alan Silvestri,Help Arrives (Extended),Alan Silvestri,
Hand Means Stop/You Go Right (Extended) - Alan Silvestri,Hand Means Stop/You Go Right (Extended),Alan Silvestri,
One Way Ticket - Alan Silvestri,One Way Ticket,Alan Silvestri,
Family Affairs (Extended) - Alan Silvestri,Family Affairs (Extended),Alan Silvestri,
What More Could I Lose? (Extended) - Alan Silvestri,What More Could I Lose? (Extended),Alan Silvestri,
A Small Price - Alan Silvestri,A Small Price,Alan Silvestri,
Even for You - Alan Silvestri,Even for You,Alan Silvestri,
Morning After - Alan Silvestri,Morning After,Alan Silvestri,
Is He Always Like This? - Alan Silvestri,Is He Always Like This?,Alan Silvestri,
More Power - Alan Silvestri,More Power,Alan Silvestri,
Charge! - Alan Silvestri,Charge!,Alan Silvestri,
Catch - Alan Silvestri,Catch,Alan Silvestri,
Haircut and Beard (Extended) - Alan Silvestri,Haircut and Beard (Extended),Alan Silvestri,
A Lot to Figure Out (Extended) - Alan Silvestri,A Lot to Figure Out (Extended),Alan Silvestri,
The End Game (Extended) - Alan Silvestri,The End Game (Extended),Alan Silvestri,
Get That Arm/I Feel You (Extended) - Alan Silvestri,Get That Arm/I Feel You (Extended),Alan Silvestri,
What Did It Cost? (Extended) - Alan Silvestri,What Did It Cost? (Extended),Alan Silvestri,
Porch - Alan Silvestri,Porch,Alan Silvestri,
Old Tech - Alan Silvestri,Old Tech,Alan Silvestri,
End Credits - Alan Silvestri,End Credits,Alan Silvestri,
RICKY - Denzel Curry,RICKY,Denzel Curry,
Dracarys - Deorro & Dirty Audio,Dracarys,Deorro & Dirty Audio,
Only Be Me (Duskus Remix) - DROELOE,Only Be Me (Duskus Remix),DROELOE,
Makeba - Jain,Makeba,Jain,
Totally Fine - Alan Silvestri,Totally Fine,Alan Silvestri,
Arrival - Alan Silvestri,Arrival,Alan Silvestri,
No Trust - Alan Silvestri,No Trust,Alan Silvestri,
Where Are They? - Alan Silvestri,Where Are They?,Alan Silvestri,
Becoming Whole Again - Alan Silvestri,Becoming Whole Again,Alan Silvestri,
I Figured It Out - Alan Silvestri,I Figured It Out,Alan Silvestri,
Perfectly Not Confusing - Alan Silvestri,Perfectly Not Confusing,Alan Silvestri,
You Shouldn't Be Here - Alan Silvestri,You Shouldn't Be Here,Alan Silvestri,
The How Works - Alan Silvestri,The How Works,Alan Silvestri,
Snap Out of It - Alan Silvestri,Snap Out of It,Alan Silvestri,
So Many Stairs - Alan Silvestri,So Many Stairs,Alan Silvestri,
One Shot - Alan Silvestri,One Shot,Alan Silvestri,
Watch Each Other's Six - Alan Silvestri,Watch Each Other's Six,Alan Silvestri,
I Can't Risk This - Alan Silvestri,I Can't Risk This,Alan Silvestri,
He Gave It Away - Alan Silvestri,He Gave It Away,Alan Silvestri,
The Tool of a Thief - Alan Silvestri,The Tool of a Thief,Alan Silvestri,
The Measure of a Hero - Alan Silvestri,The Measure of a Hero,Alan Silvestri,
Destiny Fulfilled - Alan Silvestri,Destiny Fulfilled,Alan Silvestri,
In Plain Sight - Alan Silvestri,In Plain Sight,Alan Silvestri,
How Do I Look? - Alan Silvestri,How Do I Look?,Alan Silvestri,
Whatever It Takes - Alan Silvestri,Whatever It Takes,Alan Silvestri,
Not Good - Alan Silvestri,Not Good,Alan Silvestri,
Gotta Get Out - Alan Silvestri,Gotta Get Out,Alan Silvestri,
I Was Made for This - Alan Silvestri,I Was Made for This,Alan Silvestri,
Tres Amigos - Alan Silvestri,Tres Amigos,Alan Silvestri,
Tunnel Scape - Alan Silvestri,Tunnel Scape,Alan Silvestri,
Worth It - Alan Silvestri,Worth It,Alan Silvestri,
Portals - Alan Silvestri,Portals,Alan Silvestri,
Get This Thing Started - Alan Silvestri,Get This Thing Started,Alan Silvestri,
The One - Alan Silvestri,The One,Alan Silvestri,
You Did Good - Alan Silvestri,You Did Good,Alan Silvestri,
The Real Hero - Alan Silvestri,The Real Hero,Alan Silvestri,
Five Seconds - Alan Silvestri,Five Seconds,Alan Silvestri,
Go Ahead - Alan Silvestri,Go Ahead,Alan Silvestri,
Main on End - Alan Silvestri,Main on End,Alan Silvestri,
Outside ft. Ellie Goulding (Savagez Remix) - Calvin Harris,Outside ft. Ellie Goulding (Savagez Remix),Calvin Harris,
Rockabye ft. Sean Paul & Anne-Marie (SHAKED Remix) - Clean Bandit,Rockabye ft. Sean Paul & Anne-Marie (SHAKED Remix),Clean Bandit,
Never Forget You (Price & Takis Remix) - Zara Larsson,Never Forget You (Price & Takis Remix),Zara Larsson,
Wait For Me (MOTi edit) - Domastic & MOTi,Wait For Me (MOTi edit),Domastic & MOTi,
Carry On (feat. Holly Drummond) - F.O.O.L,Carry On (feat. Holly Drummond),F.O.O.L,
Enough - Mr FijiWiji & Matt Van,Enough,Mr FijiWiji & Matt Van,
Needed U (Tony Romera Remix) - Gammer,Needed U (Tony Romera Remix),Gammer,
Remember You - Conro,Remember You,Conro,
Hot - FWLR,Hot,FWLR,
Isn't It - CRAY,Isn't It,CRAY,
Peaches - CRAY,Peaches,CRAY,
"Opps - Vince Staples, Yugen Blakrok",Opps,"Vince Staples, Yugen Blakrok",
"X - ScHoolboy Q, 2 Chainz, Saudi",X,"ScHoolboy Q, 2 Chainz, Saudi",
Can't Knock the Hustle - Weezer,Can't Knock the Hustle,Weezer,
Zombie Bastards - Weezer,Zombie Bastards,Weezer,
High As a Kite - Weezer,High As a Kite,Weezer,
Piece of Cake - Weezer,Piece of Cake,Weezer,
I’m Just Being Honest - Weezer,I’m Just Being Honest,Weezer,
Too Many Thoughts In My Head - Weezer,Too Many Thoughts In My Head,Weezer,
The Prince Who Wanted Everything - Weezer,The Prince Who Wanted Everything,Weezer,
Byzantine - Weezer,Byzantine,Weezer,
California Snow - Weezer,California Snow,Weezer,
Living In L.A. - Weezer,Living In L.A.,Weezer,
Mr. Blue Sky - Weezer,Mr. Blue Sky,Weezer,
No Scrubs - Weezer,No Scrubs,Weezer,
Billie Jean - Weezer,Billie Jean,Weezer,
Stand by Me - Weezer,Stand by Me,Weezer,
Everybody Wants to Rule the World - Weezer,Everybody Wants to Rule the World,Weezer,
Sweet Dreams (Are Made of This) - Weezer,Sweet Dreams (Are Made of This),Weezer,
Take on Me - Weezer,Take on Me,Weezer,
Happy Together - Weezer,Happy Together,Weezer,
Paranoid - Weezer,Paranoid,Weezer,
Game Over (Major Boss) - Yoko Shimomura,Game Over (Major Boss),Yoko Shimomura,
Don't Stop Me Now - Queen,Don't Stop Me Now,Queen,
About Us (feat. Winter) - Disero & FTKS,About Us (feat. Winter),Disero & FTKS,
4U - Aero Chord,4U,Aero Chord,
Inside (feat. Danyka Nadeau) - Au5,Inside (feat. Danyka Nadeau),Au5,
Roses - Deon Custom,Roses,Deon Custom,
On You (feat. Alby Hobbs) - Draper,On You (feat. Alby Hobbs),Draper,
Colossus - Droptek,Colossus,Droptek,
Knock Me out (feat. Anna Cyzon) - Eminence,Knock Me out (feat. Anna Cyzon),Eminence,
High Tide - Grant Bowtie,High Tide,Grant Bowtie,
The Girl (feat. Cozi Zuehlsdorff) [Color Source Remix] - Hellberg,The Girl (feat. Cozi Zuehlsdorff) [Color Source Remix],Hellberg,
Adventures - Hyper Potions & Subtact,Adventures,Hyper Potions & Subtact,
Again - Kasbo,Again,Kasbo,
Closer - Laszlo,Closer,Laszlo,
Law of the Jungle - Laszlo,Law of the Jungle,Laszlo,
Passage (Album Mix) - Monstercat,Passage (Album Mix),Monstercat,
Excursion (Album Mix) - Monstercat,Excursion (Album Mix),Monstercat,
Aphasia - Mr FijiWiji,Aphasia,Mr FijiWiji,
Feeling Stronger (High Maintenance Remix) [feat. Charlotte Colley] - Muzzy,Feeling Stronger (High Maintenance Remix) [feat. Charlotte Colley],Muzzy,
Warhead - Muzzy & Droptek,Warhead,Muzzy & Droptek,
Final Boss - Nitro Fun,Final Boss,Nitro Fun,
Swamp Thing - Pegboard Nerds,Swamp Thing,Pegboard Nerds,
This Time - Pixl,This Time,Pixl,
Chrysalis - Protostar & Draper,Chrysalis,Protostar & Draper,
Titans - Razihel & Aero Chord,Titans,Razihel & Aero Chord,
Glow - Richard Caddock,Glow,Richard Caddock,
Concrete Jungle (feat. Pkeys) - Rootkit,Concrete Jungle (feat. Pkeys),Rootkit,
Divided - Slips & Slurs,Divided,Slips & Slurs,
Saturday Morning Space Ride - Stephen Walking & Hyper Potions,Saturday Morning Space Ride,Stephen Walking & Hyper Potions,
Restart - Subtact,Restart,Subtact,
Watching (feat. Colordrive) - Summer Was Fun,Watching (feat. Colordrive),Summer Was Fun,
Drift Away (feat. Charlotte Haining) - Trivecta,Drift Away (feat. Charlotte Haining),Trivecta,
Supercell (feat. Veela) - Varien,Supercell (feat. Veela),Varien,
Hypnotique (feat. Charlotte Haining) - Varien,Hypnotique (feat. Charlotte Haining),Varien,
Chase It (feat. Savoi) - WRLD,Chase It (feat. Savoi),WRLD,
Wherever You Go - Braken,Wherever You Go,Braken,
Mama (feat. Ellie Goulding) [Tiësto’s Big Room Remix] - Clean Bandit,Mama (feat. Ellie Goulding) [Tiësto’s Big Room Remix],Clean Bandit,
Fractions - CRAY,Fractions,CRAY,
Internet Boy (feat. Micah Martin) - Dion Timmer,Internet Boy (feat. Micah Martin),Dion Timmer,
Adventures - Julian Calor,Adventures,Julian Calor,
Left Behind - Half an Orange & Inukshuk,Left Behind,Half an Orange & Inukshuk,
Poison - Nonsens,Poison,Nonsens,
Wishes (feat. McCall) - Grant,Wishes (feat. McCall),Grant,
Revenge - Delta Heavy & Muzzy,Revenge,Delta Heavy & Muzzy,
Tokyo Express - Insan3lik3,Tokyo Express,Insan3lik3,
House (feat. Nick Nikon) - OVERWERK,House (feat. Nick Nikon),OVERWERK,
Losing My Religion - R.E.M.,Losing My Religion,R.E.M.,
"Elevate (feat. Denzel Curry, YBN Cordae, SwaVay & Trevor Rich) - DJ Khalil","Elevate (feat. Denzel Curry, YBN Cordae, SwaVay & Trevor Rich)",DJ Khalil,
Scared of the Dark (feat. XXXTENTACION) - Lil Wayne & Ty Dolla $ign,Scared of the Dark (feat. XXXTENTACION),Lil Wayne & Ty Dolla $ign,
Hide (feat. Seezyn) - Juice WRLD,Hide (feat. Seezyn),Juice WRLD,
Sunflower (Spider-Man: Into the Spider-Verse) - Post Malone & Swae Lee,Sunflower (Spider-Man: Into the Spider-Verse),Post Malone & Swae Lee,
Come As You Are - Nirvana,Come As You Are,Nirvana,
Captain Marvel - Pinar Toprak,Captain Marvel,Pinar Toprak,
Waking Up - Pinar Toprak,Waking Up,Pinar Toprak,
Boarding the Train - Pinar Toprak,Boarding the Train,Pinar Toprak,
Why Do You Fight? - Pinar Toprak,Why Do You Fight?,Pinar Toprak,
Let's Bring Him Home - Pinar Toprak,Let's Bring Him Home,Pinar Toprak,
Entering Enemy Territory - Pinar Toprak,Entering Enemy Territory,Pinar Toprak,
Breaking Free - Pinar Toprak,Breaking Free,Pinar Toprak,
Hot Pursuit - Pinar Toprak,Hot Pursuit,Pinar Toprak,
Lost the Target - Pinar Toprak,Lost the Target,Pinar Toprak,
Lifting Fingerprints - Pinar Toprak,Lifting Fingerprints,Pinar Toprak,
Finding the Records - Pinar Toprak,Finding the Records,Pinar Toprak,
Escaping the Basement - Pinar Toprak,Escaping the Basement,Pinar Toprak,
Photos of Us - Pinar Toprak,Photos of Us,Pinar Toprak,
Learning the Truth - Pinar Toprak,Learning the Truth,Pinar Toprak,
New Clothes - Pinar Toprak,New Clothes,Pinar Toprak,
Space Turbulence - Pinar Toprak,Space Turbulence,Pinar Toprak,
High Score - Pinar Toprak,High Score,Pinar Toprak,
Interrupting Something? - Pinar Toprak,Interrupting Something?,Pinar Toprak,
Trapped - Pinar Toprak,Trapped,Pinar Toprak,
I'm All Fired Up - Pinar Toprak,I'm All Fired Up,Pinar Toprak,
More Problems - Pinar Toprak,More Problems,Pinar Toprak,
You Could Use a Jump - Pinar Toprak,You Could Use a Jump,Pinar Toprak,
This Isn't Goodbye - Pinar Toprak,This Isn't Goodbye,Pinar Toprak,
Celebrity Skin - Hole,Celebrity Skin,Hole,
Key - C418,Key,C418,
Door - C418,Door,C418,
Subwoofer Lullaby - C418,Subwoofer Lullaby,C418,
Death - C418,Death,C418,
Living Mice - C418,Living Mice,C418,
Moog City - C418,Moog City,C418,
Haggstrom - C418,Haggstrom,C418,
Minecraft - C418,Minecraft,C418,
Oxygène - C418,Oxygène,C418,
Équinoxe - C418,Équinoxe,C418,
Mice On Venus - C418,Mice On Venus,C418,
Dry Hands - C418,Dry Hands,C418,
Wet Hands - C418,Wet Hands,C418,
Clark - C418,Clark,C418,
Chris - C418,Chris,C418,
Thirteen - C418,Thirteen,C418,
Excuse - C418,Excuse,C418,
Sweden - C418,Sweden,C418,
Cat - C418,Cat,C418,
Dog - C418,Dog,C418,
Danny - C418,Danny,C418,
Beginning - C418,Beginning,C418,
Droopy Likes Ricochet - C418,Droopy Likes Ricochet,C418,
Droopy Likes Your Face - C418,Droopy Likes Your Face,C418,
Ideekay - Ephixa,Ideekay,Ephixa,
Hello (Centra Remix) - Going Quantum,Hello (Centra Remix),Going Quantum,
The Other Day - Insan3lik3,The Other Day,Insan3lik3,
Bloodlip (feat. Veela) - Matduke,Bloodlip (feat. Veela),Matduke,
Solace Album Mix - Monstercat,Solace Album Mix,Monstercat,
Breakdown - Noisestorm,Breakdown,Noisestorm,
To the Limit - Obsidia,To the Limit,Obsidia,
Reasons (feat. Andrew Allen) - Project 46,Reasons (feat. Andrew Allen),Project 46,
Ampersand - Soulero & Stephen Walking,Ampersand,Soulero & Stephen Walking,
Animal Instinct - Stephen Walking,Animal Instinct,Stephen Walking,
Gravity - Stereotronique,Gravity,Stereotronique,
Pinup - Televisor,Pinup,Televisor,
Rewel - Tristam & Rogue,Rewel,Tristam & Rogue,
Maelstrom - Tut Tut Child,Maelstrom,Tut Tut Child,
Dance to It - Tut Tut Child,Dance to It,Tut Tut Child,
Waking Dreams (feat. Laura Brehm) - Two Thirds,Waking Dreams (feat. Laura Brehm),Two Thirds,
Seduction - Varien,Seduction,Varien,
Time Bomb (feat. Veela) - Feint & Boyinaband,Time Bomb (feat. Veela),Feint & Boyinaband,
Megalovania - Toby Fox,Megalovania,Toby Fox,
Redpath (Cioz Remix) - Hauy,Redpath (Cioz Remix),Hauy,
Superposition - Young the Giant,Superposition,Young the Giant,
</Init.Seq> - Protostar,</Init.Seq>,Protostar,
TITAN - Protostar,TITAN,Protostar,
PURSUIT - Protostar,PURSUIT,Protostar,
<\Exit.Seq> - Protostar,<\Exit.Seq>,Protostar,
MELTDOWN - Protostar & Muzzy,MELTDOWN,Protostar & Muzzy,
Play Your Part - Aero Chord,Play Your Part,Aero Chord,
Lose It All - Atmozfears,Lose It All,Atmozfears,
Only in a Dream - Au5 & Nytrix,Only in a Dream,Au5 & Nytrix,
U Got Me - Bossfight,U Got Me,Bossfight,
Badmash - Bossfight,Badmash,Bossfight,
Wobble - Crankdat & Tisoki,Wobble,Crankdat & Tisoki,
"Home - Darren Styles, Dougal & Jacob Wellfair",Home,"Darren Styles, Dougal & Jacob Wellfair",
How We Win - FWLR,How We Win,FWLR,
Cave Me In - FWLR & A-SHO,Cave Me In,FWLR & A-SHO,
The Edge (feat. Nevve) - Grant & Nevve,The Edge (feat. Nevve),Grant & Nevve,
Fire Flower - Holly & Loosid,Fire Flower,Holly & Loosid,
Bliss on Mushrooms (feat. Miyavi) - Infected Mushroom & Bliss,Bliss on Mushrooms (feat. Miyavi),Infected Mushroom & Bliss,
You Might Get Lost - Julian Calor,You Might Get Lost,Julian Calor,
Loving Her Loving U (feat. Delaney Kai) - Justin Oh,Loving Her Loving U (feat. Delaney Kai),Justin Oh,
Magic - Kill Paris,Magic,Kill Paris,
I (Still) Dream of You - Kill Paris,I (Still) Dream of You,Kill Paris,
Fizzy Lifting Drink (feat. Big Gigantic & Jimi Tents) - Kill Paris & Jimi Tents,Fizzy Lifting Drink (feat. Big Gigantic & Jimi Tents),Kill Paris & Jimi Tents,
1000 Cuts - Kuuro & Clockvice,1000 Cuts,Kuuro & Clockvice,
What U Wanna Do - Kuuro & Spencer Ludwig,What U Wanna Do,Kuuro & Spencer Ludwig,
Hank's Back - Lil Hank,Hank's Back,Lil Hank,
Not Irl - Modestep,Not Irl,Modestep,
Uncaged Vol. 6 Album Mix - Monstercat,Uncaged Vol. 6 Album Mix,Monstercat,
Breakout (feat. Foreign Beggars) - Noisestorm,Breakout (feat. Foreign Beggars),Noisestorm,
Into the Light (feat. Karra) - Notaker,Into the Light (feat. Karra),Notaker,
The Storm - Notaker,The Storm,Notaker,
Ultima - Pixel Terror,Ultima,Pixel Terror,
Machina - Pixel Terror,Machina,Pixel Terror,
Meltdown - Protostar & Muzzy,Meltdown,Protostar & Muzzy,
Overkill - RIOT,Overkill,RIOT,
Jungle Fury - RIOT,Jungle Fury,RIOT,
Hate Being Alone (feat. Dylan Matthew) - SLANDER,Hate Being Alone (feat. Dylan Matthew),SLANDER,
Running to You (feat. Elle Vee) - SLANDER & Spag Heddy,Running to You (feat. Elle Vee),SLANDER & Spag Heddy,
Show Me (feat. Sara Skinner) - Slippy,Show Me (feat. Sara Skinner),Slippy,
One Thing (feat. Tim Moyo) - Slippy,One Thing (feat. Tim Moyo),Slippy,
Solid - SLUMBERJACK & TroyBoi,Solid,SLUMBERJACK & TroyBoi,
The Government - Stonebank,The Government,Stonebank,
I'll Fight Back - Sullivan King,I'll Fight Back,Sullivan King,
Epic - Tokyo Machine,Epic,Tokyo Machine,
Axis - Trivecta,Axis,Trivecta,
Tombstone - Will Sparks & SCNDL,Tombstone,Will Sparks & SCNDL,
You Don't Even Know Me - SLANDER & RIOT,You Don't Even Know Me,SLANDER & RIOT,
Crystal Clear - Haywyre,Crystal Clear,Haywyre,
Contagious - Haywyre,Contagious,Haywyre,
Let Me Hear That - Haywyre,Let Me Hear That,Haywyre,
With You - Haywyre,With You,Haywyre,
Inferno - Kuuro,Inferno,Kuuro,
Lest We Resign to Oblivion - Varien,Lest We Resign to Oblivion,Varien,
Dawn Will Bring Us Death - Varien,Dawn Will Bring Us Death,Varien,
Teva833 - Varien,Teva833,Varien,
The Pink Killing Floor - Varien,The Pink Killing Floor,Varien,
"Hear, Smith of Heavens - Varien","Hear, Smith of Heavens",Varien,
The Pink Killing Floor (Radio Edit) - Varien,The Pink Killing Floor (Radio Edit),Varien,
We Are One - Kill Paris,We Are One,Kill Paris,
Laura - Kill Paris,Laura,Kill Paris,
Random - Kill Paris,Random,Kill Paris,
Life is a Rhythm (feat. Wim Hof) - Kill Paris,Life is a Rhythm (feat. Wim Hof),Kill Paris,
Magic - Kill Paris,Magic,Kill Paris,
I Can Feel Your Love - Kill Paris,I Can Feel Your Love,Kill Paris,
Easy on Me (feat. FATHERDUDE) - Kill Paris,Easy on Me (feat. FATHERDUDE),Kill Paris,
I (Still) Dream of You - Kill Paris,I (Still) Dream of You,Kill Paris,
Fizzy Lifting Drink (feat. Big Gigantic & Jimi Tents) - Kill Paris,Fizzy Lifting Drink (feat. Big Gigantic & Jimi Tents),Kill Paris,
Sunshine - Kill Paris,Sunshine,Kill Paris,
Inside Out (feat. Tim Moyo & Kuda) - Kill Paris,Inside Out (feat. Tim Moyo & Kuda),Kill Paris,
"Breathing In, Letting Go (feat. Wim Hof) - Kill Paris","Breathing In, Letting Go (feat. Wim Hof)",Kill Paris,
Cool Ranch - Kill Paris,Cool Ranch,Kill Paris,
Vision Funk - Kill Paris,Vision Funk,Kill Paris,
Two Minds (feat. Tim Moyo) - Kill Paris,Two Minds (feat. Tim Moyo),Kill Paris,
Baby I'm Yours (feat. Irfane) - Breakbot,Baby I'm Yours (feat. Irfane),Breakbot,
Come and Get Your Love - Redbone,Come and Get Your Love,Redbone,
Dr. No - Dr. Fresch,Dr. No,Dr. Fresch,
Bassquake feat. Jeff Kush - YOOKiE & Jeff Kush,Bassquake feat. Jeff Kush,YOOKiE & Jeff Kush,
Love You Everyday (Intraspekt Remix) - Gammer & Whizzkid,Love You Everyday (Intraspekt Remix),Gammer & Whizzkid,
Know You (feat. Lux) - Kill The Buzz & Doublefast,Know You (feat. Lux),Kill The Buzz & Doublefast,
Abandon - EDDIE,Abandon,EDDIE,
Spiritual Contraband - EDDIE,Spiritual Contraband,EDDIE,
Foreboding - EDDIE,Foreboding,EDDIE,
Numb - EDDIE & Q'AILA,Numb,EDDIE & Q'AILA,
Numb & Getting Colder (feat. Kučka) [Baauer Remix] - Flume,Numb & Getting Colder (feat. Kučka) [Baauer Remix],Flume,
Only Be Me - DROELOE,Only Be Me,DROELOE,
Let Me Go (feat. Daisy Guttridge) - i_o & Tommy Trash,Let Me Go (feat. Daisy Guttridge),i_o & Tommy Trash,
Be Right Here (feat. GOLDN) - Kungs & Stargate,Be Right Here (feat. GOLDN),Kungs & Stargate,
Tight (feat. Madge) - Kaskade,Tight (feat. Madge),Kaskade,
Activate - Au5,Activate,Au5,
White Gum - Iglooghost,White Gum,Iglooghost,
Moro Cut - Mad Zach & Yunis,Moro Cut,Mad Zach & Yunis,
Crossing the Threshold - CharlesTheFirst,Crossing the Threshold,CharlesTheFirst,
Imma - ATLiens & Badrapper,Imma,ATLiens & Badrapper,
Bass Inside - AC Slater,Bass Inside,AC Slater,
The First Wish - DROELOE,The First Wish,DROELOE,
Taking Flight - DROELOE,Taking Flight,DROELOE,
Limbo - DROELOE,Limbo,DROELOE,
Step by Step (feat. Iris Penning) - DROELOE,Step by Step (feat. Iris Penning),DROELOE,
Turn Around (Bonus Track) - DROELOE,Turn Around (Bonus Track),DROELOE,
Looking Back - DROELOE,Looking Back,DROELOE,
Weird Machine - DROELOE & Nevve,Weird Machine,DROELOE & Nevve,
Disco Inferno (Single Edit) - The Trammps,Disco Inferno (Single Edit),The Trammps,
My Sharona - The Knack,My Sharona,The Knack,
Don't Go Breaking My Heart (Remastered) - Elton John & Kiki Dee,Don't Go Breaking My Heart (Remastered),Elton John & Kiki Dee,
somb - deadmau5,somb,deadmau5,
cabin - deadmau5,cabin,deadmau5,
chill - deadmau5,chill,deadmau5,
sniper - deadmau5,sniper,deadmau5,
torture - deadmau5,torture,deadmau5,
midas heel - deadmau5,midas heel,deadmau5,
drugs - deadmau5,drugs,deadmau5,
wilhelm - deadmau5,wilhelm,deadmau5,
main - deadmau5,main,deadmau5,
nosedive - deadmau5,nosedive,deadmau5,
camilla - deadmau5,camilla,deadmau5,
end - deadmau5,end,deadmau5,
drama free (feat. Lights) - deadmau5,drama free (feat. Lights),deadmau5,
Over - C.O.Z,Over,C.O.Z,
Polyphobia - deadmau5,Polyphobia,deadmau5,
Glivch - deadmau5,Glivch,deadmau5,
Hurricane - deadmau5 & Scene of Action,Hurricane,deadmau5 & Scene of Action,
Hurricane (Mark Mackenzie Remix) - deadmau5 & Scene of Action,Hurricane (Mark Mackenzie Remix),deadmau5 & Scene of Action,
Hurricane (OFFAIAH Remix) - deadmau5 & Scene of Action,Hurricane (OFFAIAH Remix),deadmau5 & Scene of Action,
Are You Not Afraid - deadmau5 & Shotty Horroh,Are You Not Afraid,deadmau5 & Shotty Horroh,
Are You Not Afraid (J. Worra F No Remix) - deadmau5 & Shotty Horroh,Are You Not Afraid (J. Worra F No Remix),deadmau5 & Shotty Horroh,
Are You Not Afraid (C.O.Z Remix) - deadmau5 & Shotty Horroh,Are You Not Afraid (C.O.Z Remix),deadmau5 & Shotty Horroh,
Quests with Time Limits - No Mana,Quests with Time Limits,No Mana,
Don't You (Forget About Me) - Simple Minds,Don't You (Forget About Me),Simple Minds,
Polaroid - Grabbitz,Polaroid,Grabbitz,
Don't Bring Me Down - Electric Light Orchestra,Don't Bring Me Down,Electric Light Orchestra,
Charge - Bossfight,Charge,Bossfight,
"Burning Up - Darren Styles, Gammer & Dougal",Burning Up,"Darren Styles, Gammer & Dougal",
Walking On The Moon - Infected Mushroom,Walking On The Moon,Infected Mushroom,
Horsepower - Muzzy,Horsepower,Muzzy,
Contra (feat. Sara Skinner) - Pixel Terror,Contra (feat. Sara Skinner),Pixel Terror,
Fly - Tokyo Machine,Fly,Tokyo Machine,
Further - ATTLAS,Further,ATTLAS,
Exodus - Delta Heavy,Exodus,Delta Heavy,
What Are You Waiting For - Stonebank,What Are You Waiting For,Stonebank,
How We Win - FWLR,How We Win,FWLR,
Bara Du - Kasbo,Bara Du,Kasbo,
Your Tempo - Kasbo,Your Tempo,Kasbo,
Aldrig Mer (feat. TENDER) - Kasbo,Aldrig Mer (feat. TENDER),Kasbo,
Roots (feat. Amanda Fondell) - Kasbo,Roots (feat. Amanda Fondell),Kasbo,
Snow in Gothenburg - Kasbo,Snow in Gothenburg,Kasbo,
Stay with Me - Kasbo,Stay with Me,Kasbo,
About You - Kasbo,About You,Kasbo,
Over You (feat. Frida Sundemo) - Kasbo,Over You (feat. Frida Sundemo),Kasbo,
Bleed It Out (feat. Nea) - Kasbo,Bleed It Out (feat. Nea),Kasbo,
Lay It on Me (feat. Keiynan Lonsdale) - Kasbo,Lay It on Me (feat. Keiynan Lonsdale),Kasbo,
Places We Don't Know - Kasbo,Places We Don't Know,Kasbo,
The Voice Says (feat. Charlie Kim) - Kasbo,The Voice Says (feat. Charlie Kim),Kasbo,
Allt Stod Still (Outro) - Kasbo,Allt Stod Still (Outro),Kasbo,
Heroes (feat. Tobias Stenkjær) - Nonsens,Heroes (feat. Tobias Stenkjær),Nonsens,
About U - Aiobahn & Vin,About U,Aiobahn & Vin,
Take Me Out - Franz Ferdinand,Take Me Out,Franz Ferdinand,
This Time - Favright,This Time,Favright,
Running to You (feat. Elle Vee) - SLANDER & Spag Heddy,Running to You (feat. Elle Vee),SLANDER & Spag Heddy,
Old Friends (feat. Blonde Maze) - Half an Orange,Old Friends (feat. Blonde Maze),Half an Orange,
One Way Dream - Jay Cosmic & DESERT STAR,One Way Dream,Jay Cosmic & DESERT STAR,
U&Me - Justin Oh,U&Me,Justin Oh,
My Prayers Have Become Ghosts - Varien,My Prayers Have Become Ghosts,Varien,
Made It for Me (feat. Kendall Morgan) - Tut Tut Child,Made It for Me (feat. Kendall Morgan),Tut Tut Child,
Crave You (feat. Giselle) [Radio Edit] - Flight Facilities,Crave You (feat. Giselle) [Radio Edit],Flight Facilities,
Remind Me (Radio Edit) - Röyksopp,Remind Me (Radio Edit),Röyksopp,
Remind Me - Röyksopp,Remind Me,Röyksopp,
Mii Channel - Vgr,Mii Channel,Vgr,
Maneater - Daryl Hall & John Oates,Maneater,Daryl Hall & John Oates,
The Safety Dance - Men Without Hats,The Safety Dance,Men Without Hats,
Self Esteem - The Offspring,Self Esteem,The Offspring,
Why Don't You Get a Job - The Offspring,Why Don't You Get a Job,The Offspring,
The Kids Aren't Alright - The Offspring,The Kids Aren't Alright,The Offspring,